Tool,Company,Student Offer,Value,Eligibility,Access Method
ChatGPT Plus,OpenAI,2 months FREE,$40 value,US/Canada students,chatgpt.com/students
Google AI Pro,Google,12 months FREE,$240 value,Global students,gemini.google/students
GitHub Student Pack,GitHub,While enrolled,$200K+ value,Global students,education.github.com
GitKraken Student,GitKraken,6 months FREE,$30 value,Via GitHub Pack,Through GitHub Pack
Coursera Courses,Various,Audit free,Thousands $,Global students,Apply financial aid
YouTube Education,Various,100% FREE,University equiv.,Everyone,Subscribe channels
